PROB_NAME,MACHINE,PROB_SIZE,NUMBER_CORES,ALG_TIME,TOTAL_TIME
PI_SERIES,Intel(R) Xeon(R) CPU E5-2620 v3 @ 2.40GHz,16,0,1.167e-06,2.0163e-05
PI_SERIES,Intel(R) Xeon(R) CPU E5-2620 v3 @ 2.40GHz,32,0,1.387e-06,1.7122e-05
PI_SERIES,Intel(R) Xeon(R) CPU E5-2620 v3 @ 2.40GHz,64,0,3.339e-06,2.3862e-05
PI_SERIES,Intel(R) Xeon(R) CPU E5-2620 v3 @ 2.40GHz,128,0,3.804e-06,1.8843e-05
PI_SERIES,Intel(R) Xeon(R) CPU E5-2620 v3 @ 2.40GHz,256,0,9e-06,4.1699e-05
PI_SERIES,Intel(R) Xeon(R) CPU E5-2620 v3 @ 2.40GHz,512,0,1.2467e-05,2.7386e-05
PI_SERIES,Intel(R) Xeon(R) CPU E5-2620 v3 @ 2.40GHz,1024,0,3.2355e-05,5.1583e-05
PI_SERIES,Intel(R) Xeon(R) CPU E5-2620 v3 @ 2.40GHz,2048,0,5.116e-05,6.7427e-05
PI_SERIES,Intel(R) Xeon(R) CPU E5-2620 v3 @ 2.40GHz,4096,0,0.000131009,0.000151491
PI_SERIES,Intel(R) Xeon(R) CPU E5-2620 v3 @ 2.40GHz,8192,0,0.000201914,0.000218194
PI_SERIES,Intel(R) Xeon(R) CPU E5-2620 v3 @ 2.40GHz,16384,0,0.000519768,0.000540019
PI_SERIES,Intel(R) Xeon(R) CPU E5-2620 v3 @ 2.40GHz,32768,0,0.000888778,0.000906484
PI_SERIES,Intel(R) Xeon(R) CPU E5-2620 v3 @ 2.40GHz,65536,0,0.002088054,0.002108339
PI_SERIES,Intel(R) Xeon(R) CPU E5-2620 v3 @ 2.40GHz,131072,0,0.003702208,0.003720204
PI_SERIES,Intel(R) Xeon(R) CPU E5-2620 v3 @ 2.40GHz,262144,0,0.008261163,0.008280645
PI_SERIES,Intel(R) Xeon(R) CPU E5-2620 v3 @ 2.40GHz,524288,0,0.013875781,0.013893597
PI_SERIES,Intel(R) Xeon(R) CPU E5-2620 v3 @ 2.40GHz,1048576,0,0.029609971,0.029629491
PI_SERIES,Intel(R) Xeon(R) CPU E5-2620 v3 @ 2.40GHz,2097152,0,0.048498186,0.048515195
PI_SERIES,Intel(R) Xeon(R) CPU E5-2620 v3 @ 2.40GHz,4194304,0,0.095700102,0.095716111
PI_SERIES,Intel(R) Xeon(R) CPU E5-2620 v3 @ 2.40GHz,8388608,0,0.19492668,0.194944326
PI_SERIES,Intel(R) Xeon(R) CPU E5-2620 v3 @ 2.40GHz,16777216,0,0.388144164,0.388163755
PI_SERIES,Intel(R) Xeon(R) CPU E5-2620 v3 @ 2.40GHz,33554432,0,0.615047947,0.615062103
PI_SERIES,Intel(R) Xeon(R) CPU E5-2620 v3 @ 2.40GHz,67108864,0,1.208732058,1.208746058
PI_SERIES,Intel(R) Xeon(R) CPU E5-2620 v3 @ 2.40GHz,134217728,0,2.269547536,2.269559284
PI_SERIES,Intel(R) Xeon(R) CPU E5-2620 v3 @ 2.40GHz,268435456,0,4.599956698,4.599972595
PI_SERIES,Intel(R) Xeon(R) CPU E5-2620 v3 @ 2.40GHz,536870912,0,9.315286,9.315309616
PI_SERIES,Intel(R) Xeon(R) CPU E5-2620 v3 @ 2.40GHz,1073741824,0,18.390931683,18.390948139
PI_SERIES,Intel(R) Xeon(R) CPU E5-2620 v3 @ 2.40GHz,16,2,0.000159733,0.000182661
PI_SERIES,Intel(R) Xeon(R) CPU E5-2620 v3 @ 2.40GHz,32,2,0.000112729,0.000123795
PI_SERIES,Intel(R) Xeon(R) CPU E5-2620 v3 @ 2.40GHz,64,2,0.000148838,0.000170753
PI_SERIES,Intel(R) Xeon(R) CPU E5-2620 v3 @ 2.40GHz,128,2,0.000103709,0.000114267
PI_SERIES,Intel(R) Xeon(R) CPU E5-2620 v3 @ 2.40GHz,256,2,8.2405e-05,9.3017e-05
PI_SERIES,Intel(R) Xeon(R) CPU E5-2620 v3 @ 2.40GHz,512,2,0.00013864,0.000161805
PI_SERIES,Intel(R) Xeon(R) CPU E5-2620 v3 @ 2.40GHz,1024,2,0.000145498,0.000168821
PI_SERIES,Intel(R) Xeon(R) CPU E5-2620 v3 @ 2.40GHz,2048,2,9.9464e-05,0.000110443
PI_SERIES,Intel(R) Xeon(R) CPU E5-2620 v3 @ 2.40GHz,4096,2,0.00016843,0.000179494
PI_SERIES,Intel(R) Xeon(R) CPU E5-2620 v3 @ 2.40GHz,8192,2,0.000171024,0.000181937
PI_SERIES,Intel(R) Xeon(R) CPU E5-2620 v3 @ 2.40GHz,16384,2,0.000448626,0.00045921
PI_SERIES,Intel(R) Xeon(R) CPU E5-2620 v3 @ 2.40GHz,32768,2,0.000710993,0.000732869
PI_SERIES,Intel(R) Xeon(R) CPU E5-2620 v3 @ 2.40GHz,65536,2,0.001289,0.001299581
PI_SERIES,Intel(R) Xeon(R) CPU E5-2620 v3 @ 2.40GHz,131072,2,0.002363924,0.00238447
PI_SERIES,Intel(R) Xeon(R) CPU E5-2620 v3 @ 2.40GHz,262144,2,0.004332547,0.004343134
PI_SERIES,Intel(R) Xeon(R) CPU E5-2620 v3 @ 2.40GHz,524288,2,0.008154978,0.008174437
PI_SERIES,Intel(R) Xeon(R) CPU E5-2620 v3 @ 2.40GHz,1048576,2,0.014847761,0.014858188
PI_SERIES,Intel(R) Xeon(R) CPU E5-2620 v3 @ 2.40GHz,2097152,2,0.026693493,0.02671012
PI_SERIES,Intel(R) Xeon(R) CPU E5-2620 v3 @ 2.40GHz,4194304,2,0.047528899,0.047539538
PI_SERIES,Intel(R) Xeon(R) CPU E5-2620 v3 @ 2.40GHz,8388608,2,0.093990808,0.09400482
PI_SERIES,Intel(R) Xeon(R) CPU E5-2620 v3 @ 2.40GHz,16777216,2,0.18792714,0.187937911
PI_SERIES,Intel(R) Xeon(R) CPU E5-2620 v3 @ 2.40GHz,33554432,2,0.30597294,0.305986928
PI_SERIES,Intel(R) Xeon(R) CPU E5-2620 v3 @ 2.40GHz,67108864,2,0.565140712,0.565151533
PI_SERIES,Intel(R) Xeon(R) CPU E5-2620 v3 @ 2.40GHz,134217728,2,1.126634808,1.126645581
PI_SERIES,Intel(R) Xeon(R) CPU E5-2620 v3 @ 2.40GHz,268435456,2,2.257052225,2.25706276
PI_SERIES,Intel(R) Xeon(R) CPU E5-2620 v3 @ 2.40GHz,536870912,2,4.526371639,4.526384211
PI_SERIES,Intel(R) Xeon(R) CPU E5-2620 v3 @ 2.40GHz,1073741824,2,9.143372405,9.143394343
PI_SERIES,Intel(R) Xeon(R) CPU E5-2620 v3 @ 2.40GHz,16,4,0.000141522,0.000154174
PI_SERIES,Intel(R) Xeon(R) CPU E5-2620 v3 @ 2.40GHz,32,4,9.7675e-05,0.00010863
PI_SERIES,Intel(R) Xeon(R) CPU E5-2620 v3 @ 2.40GHz,64,4,9.5982e-05,0.000106502
PI_SERIES,Intel(R) Xeon(R) CPU E5-2620 v3 @ 2.40GHz,128,4,0.000100234,0.000110854
PI_SERIES,Intel(R) Xeon(R) CPU E5-2620 v3 @ 2.40GHz,256,4,0.000105142,0.000115754
PI_SERIES,Intel(R) Xeon(R) CPU E5-2620 v3 @ 2.40GHz,512,4,0.000120694,0.000131208
PI_SERIES,Intel(R) Xeon(R) CPU E5-2620 v3 @ 2.40GHz,1024,4,0.000121321,0.000131966
PI_SERIES,Intel(R) Xeon(R) CPU E5-2620 v3 @ 2.40GHz,2048,4,0.000128581,0.000143598
PI_SERIES,Intel(R) Xeon(R) CPU E5-2620 v3 @ 2.40GHz,4096,4,0.000151531,0.000162145
PI_SERIES,Intel(R) Xeon(R) CPU E5-2620 v3 @ 2.40GHz,8192,4,0.000223272,0.000233879
PI_SERIES,Intel(R) Xeon(R) CPU E5-2620 v3 @ 2.40GHz,16384,4,0.000190232,0.000200964
PI_SERIES,Intel(R) Xeon(R) CPU E5-2620 v3 @ 2.40GHz,32768,4,0.000281764,0.00029237
PI_SERIES,Intel(R) Xeon(R) CPU E5-2620 v3 @ 2.40GHz,65536,4,0.00048094,0.00049146
PI_SERIES,Intel(R) Xeon(R) CPU E5-2620 v3 @ 2.40GHz,131072,4,0.000953956,0.000964428
PI_SERIES,Intel(R) Xeon(R) CPU E5-2620 v3 @ 2.40GHz,262144,4,0.001590734,0.001603161
PI_SERIES,Intel(R) Xeon(R) CPU E5-2620 v3 @ 2.40GHz,524288,4,0.003038812,0.003049532
PI_SERIES,Intel(R) Xeon(R) CPU E5-2620 v3 @ 2.40GHz,1048576,4,0.005988405,0.005998849
PI_SERIES,Intel(R) Xeon(R) CPU E5-2620 v3 @ 2.40GHz,2097152,4,0.011906095,0.011916531
PI_SERIES,Intel(R) Xeon(R) CPU E5-2620 v3 @ 2.40GHz,4194304,4,0.023596813,0.023607457
PI_SERIES,Intel(R) Xeon(R) CPU E5-2620 v3 @ 2.40GHz,8388608,4,0.044140791,0.044151394
PI_SERIES,Intel(R) Xeon(R) CPU E5-2620 v3 @ 2.40GHz,16777216,4,0.071198463,0.071209083
PI_SERIES,Intel(R) Xeon(R) CPU E5-2620 v3 @ 2.40GHz,33554432,4,0.142532929,0.142543506
PI_SERIES,Intel(R) Xeon(R) CPU E5-2620 v3 @ 2.40GHz,67108864,4,0.293377539,0.293388197
PI_SERIES,Intel(R) Xeon(R) CPU E5-2620 v3 @ 2.40GHz,134217728,4,0.564834206,0.564844721
PI_SERIES,Intel(R) Xeon(R) CPU E5-2620 v3 @ 2.40GHz,268435456,4,1.139076013,1.139086583
PI_SERIES,Intel(R) Xeon(R) CPU E5-2620 v3 @ 2.40GHz,536870912,4,2.267735778,2.2677469009999998
PI_SERIES,Intel(R) Xeon(R) CPU E5-2620 v3 @ 2.40GHz,1073741824,4,4.546855763,4.546867179
PI_SERIES,Intel(R) Xeon(R) CPU E5-2620 v3 @ 2.40GHz,16,8,0.000159466,0.000177784
PI_SERIES,Intel(R) Xeon(R) CPU E5-2620 v3 @ 2.40GHz,32,8,0.000176082,0.0001871
PI_SERIES,Intel(R) Xeon(R) CPU E5-2620 v3 @ 2.40GHz,64,8,0.000157028,0.000167832
PI_SERIES,Intel(R) Xeon(R) CPU E5-2620 v3 @ 2.40GHz,128,8,0.000188918,0.000199458
PI_SERIES,Intel(R) Xeon(R) CPU E5-2620 v3 @ 2.40GHz,256,8,0.000171459,0.000181997
PI_SERIES,Intel(R) Xeon(R) CPU E5-2620 v3 @ 2.40GHz,512,8,0.000169783,0.000180405
PI_SERIES,Intel(R) Xeon(R) CPU E5-2620 v3 @ 2.40GHz,1024,8,0.00015655,0.000167082
PI_SERIES,Intel(R) Xeon(R) CPU E5-2620 v3 @ 2.40GHz,2048,8,0.000164168,0.000174606
PI_SERIES,Intel(R) Xeon(R) CPU E5-2620 v3 @ 2.40GHz,4096,8,0.000217377,0.000229062
PI_SERIES,Intel(R) Xeon(R) CPU E5-2620 v3 @ 2.40GHz,8192,8,0.000174518,0.000184952
PI_SERIES,Intel(R) Xeon(R) CPU E5-2620 v3 @ 2.40GHz,16384,8,0.000237993,0.00024952
PI_SERIES,Intel(R) Xeon(R) CPU E5-2620 v3 @ 2.40GHz,32768,8,0.000255793,0.00026634
PI_SERIES,Intel(R) Xeon(R) CPU E5-2620 v3 @ 2.40GHz,65536,8,0.000374487,0.000384963
PI_SERIES,Intel(R) Xeon(R) CPU E5-2620 v3 @ 2.40GHz,131072,8,0.000534062,0.0005447
PI_SERIES,Intel(R) Xeon(R) CPU E5-2620 v3 @ 2.40GHz,262144,8,0.000975693,0.00099227
PI_SERIES,Intel(R) Xeon(R) CPU E5-2620 v3 @ 2.40GHz,524288,8,0.001427127,0.001437635
PI_SERIES,Intel(R) Xeon(R) CPU E5-2620 v3 @ 2.40GHz,1048576,8,0.002971136,0.002982498
PI_SERIES,Intel(R) Xeon(R) CPU E5-2620 v3 @ 2.40GHz,2097152,8,0.005404242,0.005414724
PI_SERIES,Intel(R) Xeon(R) CPU E5-2620 v3 @ 2.40GHz,4194304,8,0.010480361,0.0104918
PI_SERIES,Intel(R) Xeon(R) CPU E5-2620 v3 @ 2.40GHz,8388608,8,0.020975257,0.020985689
PI_SERIES,Intel(R) Xeon(R) CPU E5-2620 v3 @ 2.40GHz,16777216,8,0.040965611,0.040977094
PI_SERIES,Intel(R) Xeon(R) CPU E5-2620 v3 @ 2.40GHz,33554432,8,0.081071916,0.081082405
PI_SERIES,Intel(R) Xeon(R) CPU E5-2620 v3 @ 2.40GHz,67108864,8,0.16193653,0.16194794
PI_SERIES,Intel(R) Xeon(R) CPU E5-2620 v3 @ 2.40GHz,134217728,8,0.323074709,0.323085264
PI_SERIES,Intel(R) Xeon(R) CPU E5-2620 v3 @ 2.40GHz,268435456,8,0.651204547,0.65121523
PI_SERIES,Intel(R) Xeon(R) CPU E5-2620 v3 @ 2.40GHz,536870912,8,1.28874091,1.2887518390000001
PI_SERIES,Intel(R) Xeon(R) CPU E5-2620 v3 @ 2.40GHz,1073741824,8,2.6264921020000003,2.626503624
PI_SERIES,Intel(R) Xeon(R) CPU E5-2620 v3 @ 2.40GHz,16,12,0.000246815,0.000257656
PI_SERIES,Intel(R) Xeon(R) CPU E5-2620 v3 @ 2.40GHz,32,12,0.000257311,0.000268245
PI_SERIES,Intel(R) Xeon(R) CPU E5-2620 v3 @ 2.40GHz,64,12,0.000252414,0.000263074
PI_SERIES,Intel(R) Xeon(R) CPU E5-2620 v3 @ 2.40GHz,128,12,0.000255127,0.000265617
PI_SERIES,Intel(R) Xeon(R) CPU E5-2620 v3 @ 2.40GHz,256,12,0.000261165,0.000271802
PI_SERIES,Intel(R) Xeon(R) CPU E5-2620 v3 @ 2.40GHz,512,12,0.000283242,0.000293739
PI_SERIES,Intel(R) Xeon(R) CPU E5-2620 v3 @ 2.40GHz,1024,12,0.000254404,0.000265074
PI_SERIES,Intel(R) Xeon(R) CPU E5-2620 v3 @ 2.40GHz,2048,12,0.000999793,0.001010258
PI_SERIES,Intel(R) Xeon(R) CPU E5-2620 v3 @ 2.40GHz,4096,12,0.000253258,0.00026396
PI_SERIES,Intel(R) Xeon(R) CPU E5-2620 v3 @ 2.40GHz,8192,12,0.000277335,0.000287845
PI_SERIES,Intel(R) Xeon(R) CPU E5-2620 v3 @ 2.40GHz,16384,12,0.000285501,0.000297003
PI_SERIES,Intel(R) Xeon(R) CPU E5-2620 v3 @ 2.40GHz,32768,12,0.000301603,0.000312161
PI_SERIES,Intel(R) Xeon(R) CPU E5-2620 v3 @ 2.40GHz,65536,12,0.000495245,0.000505728
PI_SERIES,Intel(R) Xeon(R) CPU E5-2620 v3 @ 2.40GHz,131072,12,0.000472791,0.000483378
PI_SERIES,Intel(R) Xeon(R) CPU E5-2620 v3 @ 2.40GHz,262144,12,0.000706084,0.000716557
PI_SERIES,Intel(R) Xeon(R) CPU E5-2620 v3 @ 2.40GHz,524288,12,0.001095468,0.001107571
PI_SERIES,Intel(R) Xeon(R) CPU E5-2620 v3 @ 2.40GHz,1048576,12,0.0020763,0.002086691
PI_SERIES,Intel(R) Xeon(R) CPU E5-2620 v3 @ 2.40GHz,2097152,12,0.003858833,0.003869305
PI_SERIES,Intel(R) Xeon(R) CPU E5-2620 v3 @ 2.40GHz,4194304,12,0.007468727,0.007479192
PI_SERIES,Intel(R) Xeon(R) CPU E5-2620 v3 @ 2.40GHz,8388608,12,0.015481655,0.015492368
PI_SERIES,Intel(R) Xeon(R) CPU E5-2620 v3 @ 2.40GHz,16777216,12,0.029370564,0.029394762
PI_SERIES,Intel(R) Xeon(R) CPU E5-2620 v3 @ 2.40GHz,33554432,12,0.058335563,0.058346189
PI_SERIES,Intel(R) Xeon(R) CPU E5-2620 v3 @ 2.40GHz,67108864,12,0.116066302,0.116077957
PI_SERIES,Intel(R) Xeon(R) CPU E5-2620 v3 @ 2.40GHz,134217728,12,0.248997177,0.249007793
PI_SERIES,Intel(R) Xeon(R) CPU E5-2620 v3 @ 2.40GHz,268435456,12,0.464513245,0.46452393
PI_SERIES,Intel(R) Xeon(R) CPU E5-2620 v3 @ 2.40GHz,536870912,12,0.938834795,0.938845482
PI_SERIES,Intel(R) Xeon(R) CPU E5-2620 v3 @ 2.40GHz,1073741824,12,1.885467671,1.885479166
PI_SERIES,Intel(R) Xeon(R) CPU E5-2620 v3 @ 2.40GHz,16,16,0.000285919,0.000296668
PI_SERIES,Intel(R) Xeon(R) CPU E5-2620 v3 @ 2.40GHz,32,16,0.000250682,0.000261198
PI_SERIES,Intel(R) Xeon(R) CPU E5-2620 v3 @ 2.40GHz,64,16,0.000266695,0.000277234
PI_SERIES,Intel(R) Xeon(R) CPU E5-2620 v3 @ 2.40GHz,128,16,0.000286499,0.000297354
PI_SERIES,Intel(R) Xeon(R) CPU E5-2620 v3 @ 2.40GHz,256,16,0.00102447,0.001037431
PI_SERIES,Intel(R) Xeon(R) CPU E5-2620 v3 @ 2.40GHz,512,16,0.000329444,0.000351977
PI_SERIES,Intel(R) Xeon(R) CPU E5-2620 v3 @ 2.40GHz,1024,16,0.000288397,0.000298961
PI_SERIES,Intel(R) Xeon(R) CPU E5-2620 v3 @ 2.40GHz,2048,16,0.000268985,0.000279492
PI_SERIES,Intel(R) Xeon(R) CPU E5-2620 v3 @ 2.40GHz,4096,16,0.000281892,0.000292524
PI_SERIES,Intel(R) Xeon(R) CPU E5-2620 v3 @ 2.40GHz,8192,16,0.000304771,0.000315391
PI_SERIES,Intel(R) Xeon(R) CPU E5-2620 v3 @ 2.40GHz,16384,16,0.00029893,0.000309543
PI_SERIES,Intel(R) Xeon(R) CPU E5-2620 v3 @ 2.40GHz,32768,16,0.000336446,0.000346964
PI_SERIES,Intel(R) Xeon(R) CPU E5-2620 v3 @ 2.40GHz,65536,16,0.000389265,0.000399988
PI_SERIES,Intel(R) Xeon(R) CPU E5-2620 v3 @ 2.40GHz,131072,16,0.000521535,0.000532066
PI_SERIES,Intel(R) Xeon(R) CPU E5-2620 v3 @ 2.40GHz,262144,16,0.000759127,0.00076959
PI_SERIES,Intel(R) Xeon(R) CPU E5-2620 v3 @ 2.40GHz,524288,16,0.00125386,0.001264296
PI_SERIES,Intel(R) Xeon(R) CPU E5-2620 v3 @ 2.40GHz,1048576,16,0.002213993,0.002224534
PI_SERIES,Intel(R) Xeon(R) CPU E5-2620 v3 @ 2.40GHz,2097152,16,0.004174471,0.004186339
PI_SERIES,Intel(R) Xeon(R) CPU E5-2620 v3 @ 2.40GHz,4194304,16,0.008031381,0.008042927
PI_SERIES,Intel(R) Xeon(R) CPU E5-2620 v3 @ 2.40GHz,8388608,16,0.015564364,0.015577378
PI_SERIES,Intel(R) Xeon(R) CPU E5-2620 v3 @ 2.40GHz,16777216,16,0.030368286,0.030378856
PI_SERIES,Intel(R) Xeon(R) CPU E5-2620 v3 @ 2.40GHz,33554432,16,0.058658891,0.0586695
PI_SERIES,Intel(R) Xeon(R) CPU E5-2620 v3 @ 2.40GHz,67108864,16,0.115049675,0.115060318
PI_SERIES,Intel(R) Xeon(R) CPU E5-2620 v3 @ 2.40GHz,134217728,16,0.225705651,0.225716401
PI_SERIES,Intel(R) Xeon(R) CPU E5-2620 v3 @ 2.40GHz,268435456,16,0.453017336,0.453028146
PI_SERIES,Intel(R) Xeon(R) CPU E5-2620 v3 @ 2.40GHz,536870912,16,0.888668058,0.888681822
PI_SERIES,Intel(R) Xeon(R) CPU E5-2620 v3 @ 2.40GHz,1073741824,16,1.7780072009999999,1.778018125
